{
  "domain": "javaAppServer",
  "middleware": "was",
  "host": "admin.ibm.demo",
  "assessmentUnitName": "CustomerOrderServicesApp.ear",
  "applicationName": "CustomerOrderServicesApp.ear",
  "dcVersion": "2.4.4",
  "collectionUnitType": "profile",
  "collectionUnitName": "AppSrv01",
  "isVirtual": "false",
  "rawDependencies": [
    {
      "domain": "database",
      "middleware": "db2",
      "assessmentUnitName": "${COS_ORDERDB_DS_databaseName_1}",
      "applicationName": "${COS_ORDERDB_DS_databaseName_1}",
      "collectionUnitType": "instance",
      "isVirtual": "false",
      "identifier": {
        "portNumber": "${COS_ORDERDB_DS_portNumber_1}",
        "databaseName": "${COS_ORDERDB_DS_databaseName_1}"
      }
    }
  ],
  "serverXml": {
    "server": {
      "description": "Configuration generated by binaryAppScanner",
      "featureManager": {
        "feature": [
          "appSecurity-2.0",
          "jaxrs-2.0",
          "jpa-2.1",
          "json-1.0",
          "ldapRegistry-3.0",
          "servlet-3.1"
        ]
      },
      "applicationManager": {
        "autoExpand": true
      },
      "httpEndpoint": {
        "host": "${httpEndpoint_host_1}",
        "httpPort": "${httpEndpoint_port_1}",
        "httpsPort": "${httpEndpoint_secure_port_1}",
        "id": "defaultHttpEndpoint"
      },
      "enterpriseApplication": {
        "location": "CustomerOrderServicesApp.ear",
        "web-ext": [
          {
            "context-root": "CustomerOrderServicesWeb",
            "moduleName": "CustomerOrderServicesWeb-0.1.0-SNAPSHOT"
          },
          {
            "context-root": "CustomerOrderServicesTest",
            "moduleName": "CustomerOrderServicesTest-0.1.0-SNAPSHOT"
          }
        ],
        "application-bnd": {
          "security-role": {
            "name": "SecureShopper",
            "group": {
              "name": "SecureShopper"
            },
            "run-as": ""
          }
        }
      },
      "authData": {
        "id": "db2inst1",
        "password": "${db2inst1_password_1}",
        "user": "${db2inst1_user_1}"
      },
      "jdbcDriver": {
        "id": "DB2_Universal_JDBC_Driver_Provider_(XA)",
        "library": {
          "file": [
            {
              "name": "/home/ibmuser/Instructor/shared/db2jcc.jar"
            },
            {
              "name": "/home/ibmuser/Instructor/shared/db2jcc_license_cu.jar"
            }
          ]
        }
      },
      "dataSource": {
        "beginTranForResultSetScrollingAPIs": false,
        "beginTranForVendorAPIs": false,
        "containerAuthDataRef": "db2inst1",
        "id": "COS-ORDERDB-DS",
        "jdbcDriverRef": "DB2_Universal_JDBC_Driver_Provider_(XA)",
        "jndiName": "jdbc/orderds",
        "recoveryAuthDataRef": "db2inst1",
        "type": "javax.sql.XADataSource",
        "properties.db2.jcc": {
          "databaseName": "${COS_ORDERDB_DS_databaseName_1}",
          "driverType": 4,
          "portNumber": "${COS_ORDERDB_DS_portNumber_1}",
          "serverName": "${COS_ORDERDB_DS_serverName_1}"
        },
        "connectionManager": {
          "connectionTimeout": 180,
          "maxPoolSize": 10
        }
      },
      "keyStore": [
        {
          "id": "NodeDefaultKeyStore",
          "location": "${NodeDefaultKeyStore_location_1}",
          "password": "${NodeDefaultKeyStore_password_1}"
        },
        {
          "id": "NodeDefaultTrustStore",
          "location": "${NodeDefaultTrustStore_location_1}",
          "password": "${NodeDefaultTrustStore_password_1}"
        }
      ],
      "ssl": {
        "id": "NodeDefaultSSLSettings",
        "keyStoreRef": "NodeDefaultKeyStore",
        "sslProtocol": "${NodeDefaultSSLSettings_sslProtocol_1}",
        "trustStoreRef": "NodeDefaultTrustStore"
      },
      "sslDefault": {
        "sslRef": "NodeDefaultSSLSettings"
      },
      "variable": [
        {
          "defaultValue": "ORDERDB",
          "name": "COS_ORDERDB_DS_databaseName_1"
        },
        {
          "defaultValue": 50000,
          "name": "COS_ORDERDB_DS_portNumber_1"
        },
        {
          "defaultValue": "localhost",
          "name": "COS_ORDERDB_DS_serverName_1"
        },
        {
          "defaultValue": "*",
          "name": "httpEndpoint_host_1"
        },
        {
          "defaultValue": 9080,
          "name": "httpEndpoint_port_1"
        },
        {
          "defaultValue": 9443,
          "name": "httpEndpoint_secure_port_1"
        },
        {
          "defaultValue": "CustomerOrderServicesApp_ear_WASNode01_NodeDefaultKeyStore_key.p12",
          "name": "NodeDefaultKeyStore_location_1"
        },
        {
          "defaultValue": "SSL_TLSv2",
          "name": "NodeDefaultSSLSettings_sslProtocol_1"
        },
        {
          "defaultValue": "CustomerOrderServicesApp_ear_WASNode01_NodeDefaultTrustStore_trust.p12",
          "name": "NodeDefaultTrustStore_location_1"
        },
        {
          "defaultValue": "",
          "name": "NodeDefaultKeyStore_password_1"
        },
        {
          "defaultValue": "",
          "name": "NodeDefaultTrustStore_password_1"
        },
        {
          "defaultValue": "",
          "name": "db2inst1_password_1"
        },
        {
          "defaultValue": "",
          "name": "db2inst1_user_1"
        }
      ]
    }
  }
}