{
   "report": "analysis",
   "version": "1.4",
   "productVersion": "22.0.0.3",
   "productRelease": "22.0.0.3",
   "buildID": "v20220606_2050",
   "options": [
      "--sourceAppServer=was855",
      "--sourceJava=ibm6",
      "--targetAppServer=was855",
      "--targetJava=ibm8",
      "--targetCloud=containers",
      "--includeHelpLocation",
      "--maxUserDefinedRuleResults=100",
      "--userRuleLocation=/home/ibmuser/Downloads/collector/transformationadvisor-3.2.2/bin/../conf/userDefinedRules"
   ],
   "totalRulesFlagged": 3,
   "filesAffected": 6,
   "totalResults": 8,
   "severitySummary": [
      {
         "severity": "Warning",
         "severityId": "warning",
         "totalRulesFlagged": 3,
         "totalResults": 8
      }
   ],
   "applications": [
      "/opt/IBM/WebSphere/AppServer/profiles/AppSrv01/config/cells/adminNode01Cell/applications/CustomerOrderServicesApp.ear/CustomerOrderServicesApp.ear"
   ],
   "rules": [
      {
         "ruleName": "Databases",
         "ruleId": "DatabasesRule",
         "ruleHelpLocation": "/ruleinfo/appmigration/cloud/Databases.html",
         "devCost": "0",
         "instanceCost": "0",
         "severity": "Warning",
         "severityId": "warning",
         "category": "Technology connectivity considerations for IBM Cloud",
         "categoryId": "appconversion.cloud.category.technology.connectivity",
         "totalResults": 2,
         "results": [
            {
               "fileName": "CustomerOrderServicesApp.ear/CustomerOrderServices-0.1.0-SNAPSHOT.jar/META-INF/persistence.xml",
               "details": [
                  {
                     "reference": null,
                     "match": "jta-data-source=jdbc/orderds",
                     "lineNumber": 5
                  }
               ]
            },
            {
               "fileName": "CustomerOrderServicesApp.ear/CustomerOrderServices-0.1.0-SNAPSHOT.jar/org/pwte/example/domain/AbstractCustomer.class",
               "details": [
                  {
                     "reference": "Class annotation",
                     "match": "javax.persistence",
                     "lineNumber": 0
                  }
               ]
            }
         ],
         "referencedClasses": [
            {
               "class": "javax.persistence.CascadeType",
               "total": 3
            },
            {
               "class": "javax.persistence.Column",
               "total": 15
            },
            {
               "class": "javax.persistence.DiscriminatorColumn",
               "total": 1
            },
            {
               "class": "javax.persistence.DiscriminatorType",
               "total": 1
            },
            {
               "class": "javax.persistence.DiscriminatorValue",
               "total": 2
            },
            {
               "class": "javax.persistence.Embeddable",
               "total": 2
            },
            {
               "class": "javax.persistence.Embedded",
               "total": 1
            },
            {
               "class": "javax.persistence.Entity",
               "total": 7
            },
            {
               "class": "javax.persistence.EntityManager",
               "total": 24
            },
            {
               "class": "javax.persistence.FetchType",
               "total": 10
            },
            {
               "class": "javax.persistence.GeneratedValue",
               "total": 1
            },
            {
               "class": "javax.persistence.GenerationType",
               "total": 1
            },
            {
               "class": "javax.persistence.Id",
               "total": 6
            },
            {
               "class": "javax.persistence.IdClass",
               "total": 1
            },
            {
               "class": "javax.persistence.Inheritance",
               "total": 1
            },
            {
               "class": "javax.persistence.InheritanceType",
               "total": 1
            },
            {
               "class": "javax.persistence.JoinColumn",
               "total": 7
            },
            {
               "class": "javax.persistence.JoinTable",
               "total": 1
            },
            {
               "class": "javax.persistence.ManyToMany",
               "total": 2
            },
            {
               "class": "javax.persistence.ManyToOne",
               "total": 4
            },
            {
               "class": "javax.persistence.NamedNativeQuery",
               "total": 1
            },
            {
               "class": "javax.persistence.NamedQuery",
               "total": 1
            },
            {
               "class": "javax.persistence.OneToMany",
               "total": 3
            },
            {
               "class": "javax.persistence.OneToOne",
               "total": 1
            },
            {
               "class": "javax.persistence.PersistenceContext",
               "total": 2
            },
            {
               "class": "javax.persistence.PrePersist",
               "total": 1
            },
            {
               "class": "javax.persistence.PreRemove",
               "total": 1
            },
            {
               "class": "javax.persistence.PreUpdate",
               "total": 1
            },
            {
               "class": "javax.persistence.Query",
               "total": 20
            },
            {
               "class": "javax.persistence.Table",
               "total": 3
            },
            {
               "class": "javax.persistence.Transient",
               "total": 1
            },
            {
               "class": "javax.persistence.Version",
               "total": 1
            }
         ]
      },
      {
         "ruleName": "Java EE security",
         "ruleId": "ApplicationSecurityRule",
         "ruleHelpLocation": "/ruleinfo/appmigration/cloud/ApplicationSecurity.html",
         "devCost": "0",
         "instanceCost": "0",
         "severity": "Warning",
         "severityId": "warning",
         "category": "Technology connectivity considerations for IBM Cloud",
         "categoryId": "appconversion.cloud.category.technology.connectivity",
         "totalResults": 3,
         "results": [
            {
               "fileName": "CustomerOrderServicesApp.ear/CustomerOrderServices-0.1.0-SNAPSHOT.jar/org/pwte/example/service/CustomerOrderServicesImpl.class",
               "details": [
                  {
                     "reference": "Class annotation",
                     "match": "javax.annotation.security.RolesAllowed",
                     "lineNumber": 0
                  }
               ]
            },
            {
               "fileName": "CustomerOrderServicesApp.ear/CustomerOrderServicesTest-0.1.0-SNAPSHOT.war/WEB-INF/web.xml",
               "details": [
                  {
                     "reference": null,
                     "match": "security-constraint",
                     "lineNumber": 21
                  }
               ]
            },
            {
               "fileName": "CustomerOrderServicesApp.ear/CustomerOrderServicesWeb-0.1.0-SNAPSHOT.war/WEB-INF/web.xml",
               "details": [
                  {
                     "reference": null,
                     "match": "security-constraint",
                     "lineNumber": 27
                  }
               ]
            }
         ]
      },
      {
         "ruleName": "Validate the URL host and port for cloud access",
         "ruleId": "URLRuleDockerCloud",
         "ruleHelpLocation": "/ruleinfo/appmigration/cloud/UrlRule.html",
         "devCost": "0",
         "instanceCost": "0",
         "severity": "Warning",
         "severityId": "warning",
         "category": "Connectivity considerations for IBM Cloud (Containers and Virtual machines)",
         "categoryId": "appconversion.cloud.category.connectivity.dockerAndWASOnCloud",
         "totalResults": 3,
         "results": [
            {
               "fileName": "CustomerOrderServicesApp.ear/CustomerOrderServicesTest-0.1.0-SNAPSHOT.war",
               "details": [
                  {
                     "reference": "1",
                     "match": "http://localhost:9080/CustomerOrderServicesTest/",
                     "lineNumber": 0
                  },
                  {
                     "reference": "2",
                     "match": "https://localhost:9443/CustomerOrderServicesWeb/",
                     "lineNumber": 0
                  },
                  {
                     "reference": "2",
                     "match": "jdbc:db2://localhost:50000/ORDERDB",
                     "lineNumber": 0
                  }
               ]
            }
         ]
      }
   ]
}