{
   "report": "analysis",
   "version": "1.3",
   "productVersion": "21.0.0.2",
   "productRelease": "21.0.0.2",
   "buildID": "v20210604_1826",
   "options": [
      "--sourceAppServer=was855",
      "--sourceJava=ibm6",
      "--targetAppServer=was855",
      "--targetJava=ibm8",
      "--targetCloud=containers",
      "--excludePackages=ch.qos,com.fasterxml,com.ibm,com.informix,com.lowagie,com.mchange,com.meterware,com.microsoft,com.sun,com.sybase,freemarker,groovy,java,javax,net,oracle,org,sqlj,sun,twitter4j,_ibmjsp"
   ],
   "totalRulesFlagged": 2,
   "filesAffected": 3,
   "totalResults": 3,
   "severitySummary": [
      {
         "severity": "Warning",
         "severityId": "warning",
         "totalRulesFlagged": 2,
         "totalResults": 3
      }
   ],
   "applications": [
      "/opt/IBM/WebSphere/AppServer/profiles/AppSrv01/config/cells/adminNode01Cell/applications/CustomerOrderServicesApp.ear/CustomerOrderServicesApp.ear"
   ],
   "rules": [
      {
         "ruleName": "Databases",
         "ruleId": "JavaxPersistenceRule",
         "devCost": "0",
         "instanceCost": "0",
         "severity": "Warning",
         "severityId": "warning",
         "category": "Technology connectivity considerations for IBM Cloud",
         "categoryId": "appconversion.cloud.category.technology.connectivity",
         "results": [
            {
               "fileName": "CustomerOrderServicesApp.ear/CustomerOrderServices-0.1.0-SNAPSHOT.jar/META-INF/persistence.xml",
               "details": [
                  {
                     "reference": null,
                     "match": "jta-data-source=jdbc/orderds",
                     "lineNumber": 5
                  }
               ]
            }
         ]
      },
      {
         "ruleName": "Java EE security",
         "ruleId": "ApplicationSecurityRule",
         "devCost": "0",
         "instanceCost": "0",
         "severity": "Warning",
         "severityId": "warning",
         "category": "Technology connectivity considerations for IBM Cloud",
         "categoryId": "appconversion.cloud.category.technology.connectivity",
         "results": [
            {
               "fileName": "CustomerOrderServicesApp.ear/CustomerOrderServicesTest-0.1.0-SNAPSHOT.war/WEB-INF/web.xml",
               "details": [
                  {
                     "reference": null,
                     "match": "security-constraint",
                     "lineNumber": 21
                  }
               ]
            },
            {
               "fileName": "CustomerOrderServicesApp.ear/CustomerOrderServicesWeb-0.1.0-SNAPSHOT.war/WEB-INF/web.xml",
               "details": [
                  {
                     "reference": null,
                     "match": "security-constraint",
                     "lineNumber": 27
                  }
               ]
            }
         ]
      }
   ]
}