{
   "report": "inventory",
   "version": "4.0",
   "productVersion": "22.0.0.3",
   "productRelease": "22.0.0.3",
   "buildID": "v20220606_2050",
   "options": [
      "--includeHelpLocation",
      "--maxUserDefinedRuleResults=100",
      "--userRuleLocation=/home/ibmuser/Downloads/collector/transformationadvisor-3.2.2/bin/../conf/userDefinedRules"
   ],
   "applications": [
      "/opt/IBM/WebSphere/AppServer/profiles/AppSrv01/config/cells/adminNode01Cell/applications/ivtApp.ear/ivtApp.ear"
   ],
   "sharedLibraries": [
   ],
   "archives": {
      "ears": 1,
      "wars": 1,
      "rars": 0,
      "ejbs": 1,
      "webFragments": 0,
      "utilityJars": 0,
      "appClients": 0
   },
   "summary": {
      "servlets": 3,
      "jsps": 2,
      "jpaEntities": 0,
      "bmpEntityBeans": 0,
      "cmpEntityBeans": 0,
      "messageDrivenBeans": 0,
      "singletonSessionBeans": 0,
      "statefulSessionBeans": 1,
      "statelessSessionBeans": 0,
      "jaxrpcConsumers": 0,
      "jaxrpcProviders": 0,
      "jaxrsConsumers": 0,
      "jaxrsProviders": 0,
      "jaxwsConsumers": 0,
      "jaxwsProviders": 0,
      "springBeans": 0
   },
   "archiveInventory": [
      {
         "archiveName": "/opt/IBM/WebSphere/AppServer/profiles/AppSrv01/config/cells/adminNode01Cell/applications/ivtApp.ear/ivtApp.ear",
         "moduleType": "Enterprise archive",
         "moduleVersion": "6",
         "metadataComplete": null,
         "moduleSize": 8868,
         "checksum": "a15e4de8f1fc25a5baae1c2c262857048ec765d9f2c1314aa78d7caace1b5438",
         "archives": {
            "wars": 1,
            "rars": 0,
            "ejbs": 1,
            "utilityJars": 0,
            "appClients": 0
         },
         "summary": {
            "servlets": 3,
            "jsps": 2,
            "jpaEntities": 0,
            "bmpEntityBeans": 0,
            "cmpEntityBeans": 0,
            "messageDrivenBeans": 0,
            "singletonSessionBeans": 0,
            "statefulSessionBeans": 1,
            "statelessSessionBeans": 0,
            "jaxrpcConsumers": 0,
            "jaxrpcProviders": 0,
            "jaxrsConsumers": 0,
            "jaxrsProviders": 0,
            "jaxwsConsumers": 0,
            "jaxwsProviders": 0,
            "springBeans": 0
         },
         "potentialDeploymentProblemsSummary": {
            "archivesContainingDuplicateClasses": 0,
            "archivesContainingJavaEEorSEClasses": 0,
            "archivesContainingConflictingOpenSourceSoftwareClasses": 0,
            "archivesContainingWebSphereClasses": 1,
            "archivesNotReferencedInTheApplication": 0,
            "archivesWithMissingDependenciesInTheApplication": 0,
            "classesWithSystemLevelJVMConfiguration": 0,
            "sharedLibrariesReferencingApplicationClasses": 0
         },
         "potentialDeploymentProblemsDetails": [
            {
               "duplicateClassesWithinClassLoader": [
               ]
            },
            {
               "duplicateClassesAcrossApplication": [
               ]
            },
            {
               "javaEEandSEClasses": [
               ]
            },
            {
               "duplicateWebSphereClasses": [
                  {
                     "conflictingPackages": [
                        "com.ibm.websphere.ivt.ivtEJB"
                     ],
                     "packageLocation": [
                        "ivtEJB.jar"
                     ]
                  }
               ]
            },
            {
               "openSourceSoftwareClasses": [
               ]
            },
            {
               "archivesNotReferenced": [
               ]
            },
            {
               "missingDependencies": [
               ]
            },
            {
               "classesWithSystemLevelJVMConfiguration": [
               ]
            },
            {
               "sharedLibraryDependencies": [
               ]
            }
         ],
         "performanceConsiderations": {
            "archivesThatAreCandidatesForMetadataCompleteTrueAttribute": [
            ],
            "webModulesWithExcessiveClassFiles": [
            ],
            "webModulesWithExcessiveStaticResources": [
            ]
         },
         "operationalConsiderations": {
            "deploymentTargets": {
               "clusters": [
               ],
               "nonClusteredServers": [
                  {
                     "name": "server1",
                     "node": "WASNode01",
                     "type": "APPLICATION_SERVER"
                  }
               ]
            }
         },
         "containedArchiveInventory": [
            {
               "archiveName": "/opt/IBM/WebSphere/AppServer/profiles/AppSrv01/config/cells/adminNode01Cell/applications/ivtApp.ear/ivtApp.ear/ivtEJB.jar",
               "moduleType": "EJB module",
               "moduleVersion": "3.1",
               "metadataComplete": "Unspecified",
               "checksum": "4f547a50473202829ecfa152766c721cdd0736ed8fa46ab53cd7e162c20120b9",
               "summary": {
                  "servlets": 0,
                  "jsps": 0,
                  "jpaEntities": 0,
                  "bmpEntityBeans": 0,
                  "cmpEntityBeans": 0,
                  "messageDrivenBeans": 0,
                  "singletonSessionBeans": 0,
                  "statefulSessionBeans": 1,
                  "statelessSessionBeans": 0,
                  "jaxrpcConsumers": 0,
                  "jaxrpcProviders": 0,
                  "jaxrsConsumers": 0,
                  "jaxrsProviders": 0,
                  "jaxwsConsumers": 0,
                  "jaxwsProviders": 0,
                  "springBeans": 0
               }
            },
            {
               "archiveName": "/opt/IBM/WebSphere/AppServer/profiles/AppSrv01/config/cells/adminNode01Cell/applications/ivtApp.ear/ivtApp.ear/ivt_app.war",
               "moduleType": "Web module",
               "moduleVersion": null,
               "metadataComplete": "Unspecified",
               "checksum": "c6980f93e77afb57320e4bac0211e80cc3481ca106cf00ee931f043b4a0b5b89",
               "archives": {
                  "ejbs": 0,
                  "webFragments": 0,
                  "utilityJars": 0
               },
               "summary": {
                  "servlets": 3,
                  "jsps": 2,
                  "jpaEntities": 0,
                  "bmpEntityBeans": 0,
                  "cmpEntityBeans": 0,
                  "messageDrivenBeans": 0,
                  "singletonSessionBeans": 0,
                  "statefulSessionBeans": 0,
                  "statelessSessionBeans": 0,
                  "jaxrpcConsumers": 0,
                  "jaxrpcProviders": 0,
                  "jaxrsConsumers": 0,
                  "jaxrsProviders": 0,
                  "jaxwsConsumers": 0,
                  "jaxwsProviders": 0,
                  "springBeans": 0
               }
            }
         ]
      }
   ],
   "sharedLibraryDetails": [
   ]
}