{
   "report": "inventory",
   "version": "4.0",
   "productVersion": "22.0.0.3",
   "productRelease": "22.0.0.3",
   "buildID": "v20220606_2050",
   "options": [
      "--includeHelpLocation",
      "--maxUserDefinedRuleResults=100",
      "--userRuleLocation=/home/ibmuser/Downloads/collector/transformationadvisor-3.2.2/bin/../conf/userDefinedRules"
   ],
   "applications": [
      "/opt/IBM/WebSphere/AppServer/profiles/AppSrv01/config/cells/adminNode01Cell/applications/modresorts-1_0_war.ear/modresorts-1_0_war.ear"
   ],
   "sharedLibraries": [
   ],
   "archives": {
      "ears": 1,
      "wars": 1,
      "rars": 0,
      "ejbs": 0,
      "webFragments": 0,
      "utilityJars": 8,
      "appClients": 0
   },
   "summary": {
      "servlets": 1,
      "jsps": 0,
      "jpaEntities": 0,
      "bmpEntityBeans": 0,
      "cmpEntityBeans": 0,
      "messageDrivenBeans": 0,
      "singletonSessionBeans": 0,
      "statefulSessionBeans": 0,
      "statelessSessionBeans": 0,
      "jaxrpcConsumers": 0,
      "jaxrpcProviders": 0,
      "jaxrsConsumers": 0,
      "jaxrsProviders": 0,
      "jaxwsConsumers": 0,
      "jaxwsProviders": 0,
      "springBeans": 0
   },
   "archiveInventory": [
      {
         "archiveName": "/opt/IBM/WebSphere/AppServer/profiles/AppSrv01/config/cells/adminNode01Cell/applications/modresorts-1_0_war.ear/modresorts-1_0_war.ear",
         "moduleType": "Enterprise archive",
         "moduleVersion": "6.0",
         "metadataComplete": null,
         "moduleSize": 8585747,
         "checksum": "ef62de6439f326a9e563807efc3a6e570cea75353d581a4ad30bcecaa9d8342e",
         "archives": {
            "wars": 1,
            "rars": 0,
            "ejbs": 0,
            "utilityJars": 8,
            "appClients": 0
         },
         "summary": {
            "servlets": 1,
            "jsps": 0,
            "jpaEntities": 0,
            "bmpEntityBeans": 0,
            "cmpEntityBeans": 0,
            "messageDrivenBeans": 0,
            "singletonSessionBeans": 0,
            "statefulSessionBeans": 0,
            "statelessSessionBeans": 0,
            "jaxrpcConsumers": 0,
            "jaxrpcProviders": 0,
            "jaxrsConsumers": 0,
            "jaxrsProviders": 0,
            "jaxwsConsumers": 0,
            "jaxwsProviders": 0,
            "springBeans": 0
         },
         "potentialDeploymentProblemsSummary": {
            "archivesContainingDuplicateClasses": 0,
            "archivesContainingJavaEEorSEClasses": 0,
            "archivesContainingConflictingOpenSourceSoftwareClasses": 7,
            "archivesContainingWebSphereClasses": 0,
            "archivesNotReferencedInTheApplication": 8,
            "archivesWithMissingDependenciesInTheApplication": 2,
            "classesWithSystemLevelJVMConfiguration": 0,
            "sharedLibrariesReferencingApplicationClasses": 0
         },
         "potentialDeploymentProblemsDetails": [
            {
               "duplicateClassesWithinClassLoader": [
               ]
            },
            {
               "duplicateClassesAcrossApplication": [
               ]
            },
            {
               "javaEEandSEClasses": [
               ]
            },
            {
               "duplicateWebSphereClasses": [
               ]
            },
            {
               "openSourceSoftwareClasses": [
                  {
                     "conflictingPackages": [
                        "org.apache.commons.codec.binary"
                     ],
                     "packageLocation": [
                        "modresorts-1.0.war/WEB-INF/lib/commons-codec-1.10.jar"
                     ],
                     "appliesTo": [
                        "V8.5.5",
                        "V9.0"
                     ]
                  },
                  {
                     "conflictingPackages": [
                        "org.apache.commons.fileupload",
                        "org.apache.commons.fileupload.disk",
                        "org.apache.commons.fileupload.portlet",
                        "org.apache.commons.fileupload.servlet",
                        "org.apache.commons.fileupload.util",
                        "org.apache.commons.fileupload.util.mime"
                     ],
                     "packageLocation": [
                        "modresorts-1.0.war/WEB-INF/lib/commons-fileupload-1.3.3.jar"
                     ],
                     "appliesTo": [
                        "V8.5.5",
                        "V9.0"
                     ]
                  },
                  {
                     "conflictingPackages": [
                        "org.apache.commons.io",
                        "org.apache.commons.io.comparator",
                        "org.apache.commons.io.filefilter",
                        "org.apache.commons.io.input",
                        "org.apache.commons.io.output"
                     ],
                     "packageLocation": [
                        "modresorts-1.0.war/WEB-INF/lib/commons-io-1.4.jar"
                     ],
                     "appliesTo": [
                        "V8.5.5",
                        "V9.0"
                     ]
                  },
                  {
                     "conflictingPackages": [
                        "org.apache.commons.logging",
                        "org.apache.commons.logging.impl"
                     ],
                     "packageLocation": [
                        "modresorts-1.0.war/WEB-INF/lib/commons-logging-1.1.3.jar"
                     ],
                     "appliesTo": [
                        "V8.5.5",
                        "V9.0"
                     ]
                  },
                  {
                     "conflictingPackages": [
                        "org.apache.http",
                        "org.apache.http.annotation",
                        "org.apache.http.concurrent",
                        "org.apache.http.config",
                        "org.apache.http.entity",
                        "org.apache.http.impl",
                        "org.apache.http.impl.bootstrap",
                        "org.apache.http.impl.entity",
                        "org.apache.http.impl.io",
                        "org.apache.http.impl.pool",
                        "org.apache.http.io",
                        "org.apache.http.message",
                        "org.apache.http.params",
                        "org.apache.http.pool",
                        "org.apache.http.protocol",
                        "org.apache.http.ssl",
                        "org.apache.http.util"
                     ],
                     "packageLocation": [
                        "modresorts-1.0.war/WEB-INF/lib/httpcore-4.4.9.jar"
                     ],
                     "appliesTo": [
                        "V8.5.5"
                     ]
                  },
                  {
                     "conflictingPackages": [
                        "org.apache.http.auth",
                        "org.apache.http.auth.params",
                        "org.apache.http.client",
                        "org.apache.http.client.config",
                        "org.apache.http.client.entity",
                        "org.apache.http.client.methods",
                        "org.apache.http.client.params",
                        "org.apache.http.client.protocol",
                        "org.apache.http.client.utils",
                        "org.apache.http.conn",
                        "org.apache.http.conn.params",
                        "org.apache.http.conn.routing",
                        "org.apache.http.conn.scheme",
                        "org.apache.http.conn.socket",
                        "org.apache.http.conn.ssl",
                        "org.apache.http.conn.util",
                        "org.apache.http.cookie",
                        "org.apache.http.cookie.params",
                        "org.apache.http.impl.auth",
                        "org.apache.http.impl.client",
                        "org.apache.http.impl.conn",
                        "org.apache.http.impl.conn.tsccm",
                        "org.apache.http.impl.cookie",
                        "org.apache.http.impl.execchain"
                     ],
                     "packageLocation": [
                        "modresorts-1.0.war/WEB-INF/lib/httpclient-4.5.5.jar"
                     ],
                     "appliesTo": [
                        "V8.5.5"
                     ]
                  },
                  {
                     "conflictingPackages": [
                        "org.apache.http.entity.mime",
                        "org.apache.http.entity.mime.content"
                     ],
                     "packageLocation": [
                        "modresorts-1.0.war/WEB-INF/lib/httpmime-4.5.5.jar"
                     ],
                     "appliesTo": [
                        "V8.5.5"
                     ]
                  }
               ]
            },
            {
               "archivesNotReferenced": [
                  {
                     "archive": "modresorts-1.0.war/WEB-INF/lib/commons-codec-1.10.jar",
                     "referencedBy": "modresorts-1.0.war/WEB-INF/lib/httpclient-4.5.5.jar"
                  },
                  {
                     "archive": "modresorts-1.0.war/WEB-INF/lib/commons-fileupload-1.3.3.jar",
                     "referencedBy": ""
                  },
                  {
                     "archive": "modresorts-1.0.war/WEB-INF/lib/commons-io-1.4.jar",
                     "referencedBy": "modresorts-1.0.war/WEB-INF/lib/commons-fileupload-1.3.3.jar"
                  },
                  {
                     "archive": "modresorts-1.0.war/WEB-INF/lib/commons-logging-1.1.3.jar",
                     "referencedBy": "modresorts-1.0.war/WEB-INF/lib/httpclient-4.5.5.jar"
                  },
                  {
                     "archive": "modresorts-1.0.war/WEB-INF/lib/httpclient-4.5.5.jar",
                     "referencedBy": ""
                  },
                  {
                     "archive": "modresorts-1.0.war/WEB-INF/lib/httpcore-4.4.9.jar",
                     "referencedBy": "modresorts-1.0.war/WEB-INF/lib/httpmime-4.5.5.jar"
                  },
                  {
                     "archive": "modresorts-1.0.war/WEB-INF/lib/httpmime-4.5.5.jar",
                     "referencedBy": ""
                  },
                  {
                     "archive": "modresorts-1.0.war/WEB-INF/lib/json-20180130.jar",
                     "referencedBy": ""
                  }
               ]
            },
            {
               "missingDependencies": [
                  {
                     "missingDependencies": [
                        "org.apache.avalon.framework.logger",
                        "org.apache.log",
                        "org.apache.log4j"
                     ],
                     "archive": [
                        "modresorts-1.0.war/WEB-INF/lib/commons-logging-1.1.3.jar"
                     ]
                  },
                  {
                     "missingDependencies": [
                        "org.ietf.jgss"
                     ],
                     "archive": [
                        "modresorts-1.0.war/WEB-INF/lib/httpclient-4.5.5.jar"
                     ]
                  }
               ]
            },
            {
               "classesWithSystemLevelJVMConfiguration": [
               ]
            },
            {
               "sharedLibraryDependencies": [
               ]
            }
         ],
         "performanceConsiderations": {
            "archivesThatAreCandidatesForMetadataCompleteTrueAttribute": [
            ],
            "webModulesWithExcessiveClassFiles": [
            ],
            "webModulesWithExcessiveStaticResources": [
            ]
         },
         "operationalConsiderations": {
            "deploymentTargets": {
               "clusters": [
               ],
               "nonClusteredServers": [
                  {
                     "name": "server1",
                     "node": "WASNode01",
                     "type": "APPLICATION_SERVER"
                  }
               ]
            }
         },
         "containedArchiveInventory": [
            {
               "archiveName": "/opt/IBM/WebSphere/AppServer/profiles/AppSrv01/config/cells/adminNode01Cell/applications/modresorts-1_0_war.ear/modresorts-1_0_war.ear/modresorts-1.0.war",
               "moduleType": "Web module",
               "moduleVersion": "3.1",
               "metadataComplete": "Unspecified",
               "checksum": "ef62de6439f326a9e563807efc3a6e570cea75353d581a4ad30bcecaa9d8342e",
               "archives": {
                  "ejbs": 0,
                  "webFragments": 0,
                  "utilityJars": 8
               },
               "summary": {
                  "servlets": 1,
                  "jsps": 0,
                  "jpaEntities": 0,
                  "bmpEntityBeans": 0,
                  "cmpEntityBeans": 0,
                  "messageDrivenBeans": 0,
                  "singletonSessionBeans": 0,
                  "statefulSessionBeans": 0,
                  "statelessSessionBeans": 0,
                  "jaxrpcConsumers": 0,
                  "jaxrpcProviders": 0,
                  "jaxrsConsumers": 0,
                  "jaxrsProviders": 0,
                  "jaxwsConsumers": 0,
                  "jaxwsProviders": 0,
                  "springBeans": 0
               },
               "containedArchiveInventory": [
                  {
                     "archiveName": "/opt/IBM/WebSphere/AppServer/profiles/AppSrv01/config/cells/adminNode01Cell/applications/modresorts-1_0_war.ear/modresorts-1_0_war.ear/modresorts-1.0.war/WEB-INF/lib/commons-codec-1.10.jar",
                     "moduleType": "Utility JAR",
                     "checksum": "8335b388fcba15ec9cd38091ddbb4d7dca683854d4c4b3a39edf3ab3d0fd8a79",
                     "containedPackages": [
                        "org.apache.commons"
                     ]
                  },
                  {
                     "archiveName": "/opt/IBM/WebSphere/AppServer/profiles/AppSrv01/config/cells/adminNode01Cell/applications/modresorts-1_0_war.ear/modresorts-1_0_war.ear/modresorts-1.0.war/WEB-INF/lib/commons-fileupload-1.3.3.jar",
                     "moduleType": "Utility JAR",
                     "checksum": "f3942ffb20c39125ab6d09e665da7deac083a8465d5df284824e7cd33e831093",
                     "containedPackages": [
                        "org.apache.commons"
                     ]
                  },
                  {
                     "archiveName": "/opt/IBM/WebSphere/AppServer/profiles/AppSrv01/config/cells/adminNode01Cell/applications/modresorts-1_0_war.ear/modresorts-1_0_war.ear/modresorts-1.0.war/WEB-INF/lib/commons-io-1.4.jar",
                     "moduleType": "Utility JAR",
                     "checksum": "e0adddbf8eb725135c17004d9efa18e0b8efc612b150a0d361d8687a8f606817",
                     "containedPackages": [
                        "org.apache.commons"
                     ]
                  },
                  {
                     "archiveName": "/opt/IBM/WebSphere/AppServer/profiles/AppSrv01/config/cells/adminNode01Cell/applications/modresorts-1_0_war.ear/modresorts-1_0_war.ear/modresorts-1.0.war/WEB-INF/lib/commons-logging-1.1.3.jar",
                     "moduleType": "Utility JAR",
                     "checksum": "16db0b5efc489fb4a2fd80aa00e227f4b15b853d75f9beffe1fa4546ceea818c",
                     "containedPackages": [
                        "org.apache.commons"
                     ]
                  },
                  {
                     "archiveName": "/opt/IBM/WebSphere/AppServer/profiles/AppSrv01/config/cells/adminNode01Cell/applications/modresorts-1_0_war.ear/modresorts-1_0_war.ear/modresorts-1.0.war/WEB-INF/lib/httpclient-4.5.5.jar",
                     "moduleType": "Utility JAR",
                     "checksum": "d7a046e0e95a44d0812e28f1168a7695f5b01b6ccd393d9604c89816151b09b0",
                     "containedPackages": [
                        "org.apache.http"
                     ]
                  },
                  {
                     "archiveName": "/opt/IBM/WebSphere/AppServer/profiles/AppSrv01/config/cells/adminNode01Cell/applications/modresorts-1_0_war.ear/modresorts-1_0_war.ear/modresorts-1.0.war/WEB-INF/lib/httpcore-4.4.9.jar",
                     "moduleType": "Utility JAR",
                     "checksum": "e663f9c2acd24e67d3f3566c747818a1032489db40544dcb2a947911508ca007",
                     "containedPackages": [
                        "org.apache.http"
                     ]
                  },
                  {
                     "archiveName": "/opt/IBM/WebSphere/AppServer/profiles/AppSrv01/config/cells/adminNode01Cell/applications/modresorts-1_0_war.ear/modresorts-1_0_war.ear/modresorts-1.0.war/WEB-INF/lib/httpmime-4.5.5.jar",
                     "moduleType": "Utility JAR",
                     "checksum": "45d38b379bd62fd503c33e11b961f4c5bbccdd1abbd1eaf8a050531f12f33a39",
                     "containedPackages": [
                        "org.apache.http"
                     ]
                  },
                  {
                     "archiveName": "/opt/IBM/WebSphere/AppServer/profiles/AppSrv01/config/cells/adminNode01Cell/applications/modresorts-1_0_war.ear/modresorts-1_0_war.ear/modresorts-1.0.war/WEB-INF/lib/json-20180130.jar",
                     "moduleType": "Utility JAR",
                     "checksum": "4c713614ce4db62ecf779d51b57a74206ff81fc4b8fbc70a92139b49c0ee6fec",
                     "containedPackages": [
                        "org.json"
                     ]
                  }
               ]
            }
         ]
      }
   ],
   "sharedLibraryDetails": [
   ]
}