{
  "domain": "javaAppServer",
  "middleware": "was",
  "host": "admin.ibm.demo",
  "assessmentUnitName": "modresorts-1_0_war.ear",
  "applicationName": "modresorts-1_0_war.ear",
  "dcVersion": "3.2.2",
  "collectionUnitType": "profile",
  "collectionUnitName": "AppSrv01",
  "isVirtual": "false",
  "serverXml": {
    "server": {
      "description": "Configuration generated by binaryAppScanner",
      "featureManager": {
        "feature": [
          "servlet-3.1"
        ]
      },
      "applicationManager": {
        "autoExpand": true
      },
      "httpEndpoint": {
        "host": "${httpEndpoint_host_1}",
        "httpPort": "${httpEndpoint_port_1}",
        "httpsPort": "${httpEndpoint_secure_port_1}",
        "id": "defaultHttpEndpoint"
      },
      "webApplication": {
        "contextRoot": "/resorts",
        "location": "modresorts-1.0.war"
      },
      "variable": [
        {
          "defaultValue": "*",
          "name": "httpEndpoint_host_1"
        },
        {
          "defaultValue": 9080,
          "name": "httpEndpoint_port_1"
        },
        {
          "defaultValue": 9443,
          "name": "httpEndpoint_secure_port_1"
        }
       ]
    }
  }
}
