{
   "report": "analysis",
   "version": "1.4",
   "productVersion": "22.0.0.3",
   "productRelease": "22.0.0.3",
   "buildID": "v20220606_2050",
   "options": [
      "--sourceAppServer=was855",
      "--sourceJava=ibm6",
      "--targetAppServer=was855",
      "--targetJava=ibm8",
      "--targetCloud=containers",
      "--includeHelpLocation",
      "--maxUserDefinedRuleResults=100",
      "--userRuleLocation=/home/ibmuser/Downloads/collector/transformationadvisor-3.2.2/bin/../conf/userDefinedRules",
      "--includePackages=org.pwte"
   ],
   "totalRulesFlagged": 1,
   "filesAffected": 3,
   "totalResults": 3,
   "severitySummary": [
      {
         "severity": "Warning",
         "severityId": "warning",
         "totalRulesFlagged": 1,
         "totalResults": 3
      }
   ],
   "applications": [
      "/opt/IBM/WebSphere/AppServer/profiles/AppSrv01/config/cells/adminNode01Cell/applications/modresorts-1_0_war.ear/modresorts-1_0_war.ear"
   ],
   "rules": [
      {
         "ruleName": "Handling application configuration in Docker containers",
         "ruleId": "DetectPropertiesFiles",
         "ruleHelpLocation": "/ruleinfo/appmigration/cloud/DetectPropertiesFiles.html",
         "devCost": "0",
         "instanceCost": "0",
         "severity": "Warning",
         "severityId": "warning",
         "category": "Containers (OpenShift, Kubernetes)",
         "categoryId": "appconversion.cloud.category.docker",
         "totalResults": 3,
         "results": [
            {
               "fileName": "modresorts-1_0_war.ear/modresorts-1.0.war/WEB-INF/lib/httpclient-4.5.5.jar/org/apache/http/client/version.properties",
               "details": [
                  {
                     "reference": null,
                     "match": "(.*)?\\.properties",
                     "lineNumber": 0
                  }
               ]
            },
            {
               "fileName": "modresorts-1_0_war.ear/modresorts-1.0.war/WEB-INF/lib/httpcore-4.4.9.jar/org/apache/http/version.properties",
               "details": [
                  {
                     "reference": null,
                     "match": "(.*)?\\.properties",
                     "lineNumber": 0
                  }
               ]
            },
            {
               "fileName": "modresorts-1_0_war.ear/modresorts-1.0.war/WEB-INF/lib/httpmime-4.5.5.jar/org/apache/http/entity/mime/version.properties",
               "details": [
                  {
                     "reference": null,
                     "match": "(.*)?\\.properties",
                     "lineNumber": 0
                  }
               ]
            }
         ]
      }
   ]
}