{
   "report": "analysis",
   "version": "1.4",
   "productVersion": "22.0.0.3",
   "productRelease": "22.0.0.3",
   "buildID": "v20220606_2050",
   "options": [
      "--sourceAppServer=was855",
      "--sourceJava=ibm6",
      "--sourceJavaEE=ee6",
      "--targetAppServer=openLiberty",
      "--targetJava=ibm8",
      "--targetJavaEE=ee7",
      "--targetCloud=containers",
      "--includeHelpLocation",
      "--maxUserDefinedRuleResults=100",
      "--userRuleLocation=/home/ibmuser/Downloads/collector/transformationadvisor-3.2.2/bin/../conf/userDefinedRules"
   ],
   "totalRulesFlagged": 9,
   "filesAffected": 26,
   "totalResults": 313,
   "severitySummary": [
      {
         "severity": "Critical",
         "severityId": "severe",
         "totalRulesFlagged": 3,
         "totalResults": 307
      },
      {
         "severity": "Warning",
         "severityId": "warning",
         "totalRulesFlagged": 5,
         "totalResults": 5
      },
      {
         "severity": "Information",
         "severityId": "info",
         "totalRulesFlagged": 1,
         "totalResults": 1
      }
   ],
   "applications": [
      "/opt/IBM/WebSphere/AppServer/profiles/AppSrv01/config/cells/adminNode01Cell/applications/query.ear/query.ear"
   ],
   "rules": [
      {
         "ruleName": "CDI scans for implicit beans when there is no beans.xml file",
         "ruleId": "MissingBeansFile",
         "ruleHelpLocation": "/ruleinfo/appconversion/javaee7/cdi/MissingBeansXmlRule.html",
         "devCost": "0",
         "instanceCost": "0",
         "severity": "Warning",
         "severityId": "warning",
         "category": "Java EE 7 / CDI",
         "categoryId": "appconversion.javaee7.category / appconversion.javaee7.cdi.category",
         "totalResults": 1,
         "results": [
            {
               "fileName": "query.ear/querybean.jar",
               "details": [
                  {
                     "reference": null,
                     "match": ".*(\\.war|\\.jar)",
                     "lineNumber": 0
                  }
               ]
            }
         ]
      },
      {
         "ruleName": "Databases",
         "ruleId": "DatabasesRule",
         "ruleHelpLocation": "/ruleinfo/appmigration/cloud/Databases.html",
         "devCost": "0",
         "instanceCost": "0",
         "severity": "Warning",
         "severityId": "warning",
         "category": "Technology connectivity considerations for IBM Cloud",
         "categoryId": "appconversion.cloud.category.technology.connectivity",
         "totalResults": 1,
         "results": [
            {
               "fileName": "query.ear/querybean.jar/com/ibm/websphere/ejbquery/QueryBean.class",
               "details": [
                  {
                     "reference": "Method prepareQry",
                     "match": "java.sql",
                     "lineNumber": 341
                  }
               ]
            }
         ],
         "referencedClasses": [
            {
               "class": "java.sql.Blob",
               "total": 1
            },
            {
               "class": "java.sql.Clob",
               "total": 1
            }
         ]
      },
      {
         "ruleName": "Handling application configuration in Docker containers",
         "ruleId": "DetectPropertiesFiles",
         "ruleHelpLocation": "/ruleinfo/appmigration/cloud/DetectPropertiesFiles.html",
         "devCost": "0",
         "instanceCost": "0",
         "severity": "Warning",
         "severityId": "warning",
         "category": "Containers (OpenShift, Kubernetes)",
         "categoryId": "appconversion.cloud.category.docker",
         "totalResults": 1,
         "results": [
            {
               "fileName": "query.ear/querybean.jar/META-INF/ibm_ejbext.properties",
               "details": [
                  {
                     "reference": null,
                     "match": "(.*)?\\.properties",
                     "lineNumber": 0
                  }
               ]
            }
         ]
      },
      {
         "ruleName": "Java EE security",
         "ruleId": "ApplicationSecurityRule",
         "ruleHelpLocation": "/ruleinfo/appmigration/cloud/ApplicationSecurity.html",
         "devCost": "0",
         "instanceCost": "0",
         "severity": "Warning",
         "severityId": "warning",
         "category": "Technology connectivity considerations for IBM Cloud",
         "categoryId": "appconversion.cloud.category.technology.connectivity",
         "totalResults": 1,
         "results": [
            {
               "fileName": "query.ear/querybean.jar/META-INF/ejb-jar.xml",
               "details": [
                  {
                     "reference": null,
                     "match": "method-permission",
                     "lineNumber": 17
                  }
               ]
            }
         ]
      },
      {
         "ruleName": "Remote EJB providers",
         "ruleId": "RemoteEJBProvidersRule",
         "ruleHelpLocation": "/ruleinfo/appmigration/cloud/RemoteEJBProviders.html",
         "devCost": "0",
         "instanceCost": "0",
         "severity": "Warning",
         "severityId": "warning",
         "category": "Technology connectivity considerations for IBM Cloud (not Liberty Core)",
         "categoryId": "appconversion.cloud.category.technology.connectivity.noLibertyCore",
         "totalResults": 1,
         "results": [
            {
               "fileName": "query.ear/querybean.jar/com/ibm/ejs/container/_EJSWrapper_Stub.class",
               "details": [
                  {
                     "reference": "Class implements",
                     "match": "javax.ejb.EJBObject",
                     "lineNumber": 0
                  }
               ]
            }
         ]
      },
      {
         "ruleName": "The WebSphere EJB Query API is unavailable",
         "ruleId": "DynamicQueryRule",
         "ruleHelpLocation": "/ruleinfo/appconversion/was2liberty/DynamicQueryRule.html",
         "devCost": "1",
         "instanceCost": "0.1",
         "severity": "Critical",
         "severityId": "severe",
         "category": "WebSphere traditional to Liberty",
         "categoryId": "appconversion.was2liberty.category",
         "totalResults": 303,
         "results": [
            {
               "fileName": "query.ear/querybean.jar/META-INF/ejb-jar.xml",
               "details": [
                  {
                     "reference": null,
                     "match": "home=com.ibm.websphere.ejbquery.QueryHome",
                     "lineNumber": 7
                  },
                  {
                     "reference": null,
                     "match": "remote=com.ibm.websphere.ejbquery.Query",
                     "lineNumber": 8
                  }
               ]
            },
            {
               "fileName": "query.ear/querybean.jar/com/ibm/ObjectQuery/QueryTuple.class",
               "details": [
                  {
                     "reference": "Constructor",
                     "match": "com.ibm.websphere.ejbquery",
                     "lineNumber": 90
                  },
                  {
                     "reference": "Constructor",
                     "match": "com.ibm.websphere.ejbquery",
                     "lineNumber": 104
                  }
               ]
            },
            {
               "fileName": "query.ear/querybean.jar/com/ibm/websphere/ejbquery/EJSLocalStatelessQueryHome_13c13935.class",
               "details": [
                  {
                     "reference": "Class declaration",
                     "match": "com.ibm.websphere.ejbquery",
                     "lineNumber": 0
                  },
                  {
                     "reference": "Class implements",
                     "match": "com.ibm.websphere.ejbquery",
                     "lineNumber": 0
                  },
                  {
                     "reference": "Method create - Method return type",
                     "match": "com.ibm.websphere.ejbquery",
                     "lineNumber": 0
                  },
                  {
                     "reference": "Method remove",
                     "match": "com.ibm.websphere.ejbquery",
                     "lineNumber": 0
                  }
               ]
            },
            {
               "fileName": "query.ear/querybean.jar/com/ibm/websphere/ejbquery/EJSLocalStatelessQuery_13c13935.class",
               "details": [
                  {
                     "reference": "Class declaration",
                     "match": "com.ibm.websphere.ejbquery",
                     "lineNumber": 0
                  },
                  {
                     "reference": "Class implements",
                     "match": "com.ibm.websphere.ejbquery",
                     "lineNumber": 0
                  },
                  {
                     "reference": "Method executePlan - Catch exception",
                     "match": "com.ibm.websphere.ejbquery",
                     "lineNumber": 0
                  },
                  {
                     "reference": "Method executePlan - Method return type",
                     "match": "com.ibm.websphere.ejbquery",
                     "lineNumber": 0
                  },
                  {
                     "reference": "Method executePlan - Throws exception",
                     "match": "com.ibm.websphere.ejbquery",
                     "lineNumber": 0
                  },
                  {
                     "reference": "Method executeQuery - Catch exception",
                     "match": "com.ibm.websphere.ejbquery",
                     "lineNumber": 0
                  },
                  {
                     "reference": "Method executeQuery - Method return type",
                     "match": "com.ibm.websphere.ejbquery",
                     "lineNumber": 0
                  },
                  {
                     "reference": "Method executeQuery - Throws exception",
                     "match": "com.ibm.websphere.ejbquery",
                     "lineNumber": 0
                  },
                  {
                     "reference": "Method prepareQuery - Catch exception",
                     "match": "com.ibm.websphere.ejbquery",
                     "lineNumber": 0
                  },
                  {
                     "reference": "Method prepareQuery - Throws exception",
                     "match": "com.ibm.websphere.ejbquery",
                     "lineNumber": 0
                  }
               ]
            },
            {
               "fileName": "query.ear/querybean.jar/com/ibm/websphere/ejbquery/EJSRemoteStatelessQueryHome_13c13935.class",
               "details": [
                  {
                     "reference": "Class declaration",
                     "match": "com.ibm.websphere.ejbquery",
                     "lineNumber": 0
                  },
                  {
                     "reference": "Class implements",
                     "match": "com.ibm.websphere.ejbquery",
                     "lineNumber": 0
                  },
                  {
                     "reference": "Method create - Method return type",
                     "match": "com.ibm.websphere.ejbquery",
                     "lineNumber": 0
                  },
                  {
                     "reference": "Method getEJBMetaData",
                     "match": "com.ibm.websphere.ejbquery",
                     "lineNumber": 0
                  },
                  {
                     "reference": "Method getHomeHandle",
                     "match": "com.ibm.websphere.ejbquery",
                     "lineNumber": 0
                  },
                  {
                     "reference": "Method remove",
                     "match": "com.ibm.websphere.ejbquery",
                     "lineNumber": 0
                  }
               ]
            },
            {
               "fileName": "query.ear/querybean.jar/com/ibm/websphere/ejbquery/EJSRemoteStatelessQuery_13c13935.class",
               "details": [
                  {
                     "reference": "Class declaration",
                     "match": "com.ibm.websphere.ejbquery",
                     "lineNumber": 0
                  },
                  {
                     "reference": "Class implements",
                     "match": "com.ibm.websphere.ejbquery",
                     "lineNumber": 0
                  },
                  {
                     "reference": "Method executePlan - Catch exception",
                     "match": "com.ibm.websphere.ejbquery",
                     "lineNumber": 0
                  },
                  {
                     "reference": "Method executePlan - Method return type",
                     "match": "com.ibm.websphere.ejbquery",
                     "lineNumber": 0
                  },
                  {
                     "reference": "Method executePlan - Throws exception",
                     "match": "com.ibm.websphere.ejbquery",
                     "lineNumber": 0
                  },
                  {
                     "reference": "Method executeQuery - Catch exception",
                     "match": "com.ibm.websphere.ejbquery",
                     "lineNumber": 0
                  },
                  {
                     "reference": "Method executeQuery - Method return type",
                     "match": "com.ibm.websphere.ejbquery",
                     "lineNumber": 0
                  },
                  {
                     "reference": "Method executeQuery - Throws exception",
                     "match": "com.ibm.websphere.ejbquery",
                     "lineNumber": 0
                  },
                  {
                     "reference": "Method prepareQuery - Catch exception",
                     "match": "com.ibm.websphere.ejbquery",
                     "lineNumber": 0
                  },
                  {
                     "reference": "Method prepareQuery - Throws exception",
                     "match": "com.ibm.websphere.ejbquery",
                     "lineNumber": 0
                  }
               ]
            },
            {
               "fileName": "query.ear/querybean.jar/com/ibm/websphere/ejbquery/EJSStatelessQueryHomeBean_13c13935.class",
               "details": [
                  {
                     "reference": "Class declaration",
                     "match": "com.ibm.websphere.ejbquery",
                     "lineNumber": 0
                  },
                  {
                     "reference": "Method create - Method return type",
                     "match": "com.ibm.websphere.ejbquery",
                     "lineNumber": 0
                  },
                  {
                     "reference": "Method create_Local - Method return type",
                     "match": "com.ibm.websphere.ejbquery",
                     "lineNumber": 0
                  }
               ]
            },
            {
               "fileName": "query.ear/querybean.jar/com/ibm/websphere/ejbquery/IQueryTuple.class",
               "details": [
                  {
                     "reference": "Class declaration",
                     "match": "com.ibm.websphere.ejbquery",
                     "lineNumber": 0
                  }
               ]
            },
            {
               "fileName": "query.ear/querybean.jar/com/ibm/websphere/ejbquery/Query.class",
               "details": [
                  {
                     "reference": "Class declaration",
                     "match": "com.ibm.websphere.ejbquery",
                     "lineNumber": 0
                  },
                  {
                     "reference": "Method executePlan - Method return type",
                     "match": "com.ibm.websphere.ejbquery",
                     "lineNumber": 0
                  },
                  {
                     "reference": "Method executePlan - Throws exception",
                     "match": "com.ibm.websphere.ejbquery",
                     "lineNumber": 0
                  },
                  {
                     "reference": "Method executeQuery - Method return type",
                     "match": "com.ibm.websphere.ejbquery",
                     "lineNumber": 0
                  },
                  {
                     "reference": "Method executeQuery - Throws exception",
                     "match": "com.ibm.websphere.ejbquery",
                     "lineNumber": 0
                  },
                  {
                     "reference": "Method prepareQuery - Throws exception",
                     "match": "com.ibm.websphere.ejbquery",
                     "lineNumber": 0
                  }
               ]
            },
            {
               "fileName": "query.ear/querybean.jar/com/ibm/websphere/ejbquery/QueryBean.class",
               "details": [
                  {
                     "reference": "Class declaration",
                     "match": "com.ibm.websphere.ejbquery",
                     "lineNumber": 0
                  },
                  {
                     "reference": "Constructor",
                     "match": "com.ibm.websphere.ejbquery",
                     "lineNumber": 49
                  },
                  {
                     "reference": "Constructor",
                     "match": "com.ibm.websphere.ejbquery",
                     "lineNumber": 53
                  },
                  {
                     "reference": "Method ejbCreate",
                     "match": "com.ibm.websphere.ejbquery",
                     "lineNumber": 72
                  },
                  {
                     "reference": "Method ejbCreate",
                     "match": "com.ibm.websphere.ejbquery",
                     "lineNumber": 82
                  },
                  {
                     "reference": "Method ejbCreate",
                     "match": "com.ibm.websphere.ejbquery",
                     "lineNumber": 86
                  },
                  {
                     "reference": "Method ejbCreate - Catch exception",
                     "match": "com.ibm.websphere.ejbquery",
                     "lineNumber": 0
                  },
                  {
                     "reference": "Method executePlan",
                     "match": "com.ibm.websphere.ejbquery",
                     "lineNumber": 134
                  },
                  {
                     "reference": "Method executePlan",
                     "match": "com.ibm.websphere.ejbquery",
                     "lineNumber": 139
                  },
                  {
                     "reference": "Method executePlan",
                     "match": "com.ibm.websphere.ejbquery",
                     "lineNumber": 142
                  },
                  {
                     "reference": "Method executePlan",
                     "match": "com.ibm.websphere.ejbquery",
                     "lineNumber": 143
                  },
                  {
                     "reference": "Method executePlan",
                     "match": "com.ibm.websphere.ejbquery",
                     "lineNumber": 240
                  },
                  {
                     "reference": "Method executePlan",
                     "match": "com.ibm.websphere.ejbquery",
                     "lineNumber": 245
                  },
                  {
                     "reference": "Method executePlan",
                     "match": "com.ibm.websphere.ejbquery",
                     "lineNumber": 248
                  },
                  {
                     "reference": "Method executePlan",
                     "match": "com.ibm.websphere.ejbquery",
                     "lineNumber": 249
                  },
                  {
                     "reference": "Method executePlan - Catch exception",
                     "match": "com.ibm.websphere.ejbquery",
                     "lineNumber": 0
                  },
                  {
                     "reference": "Method executePlan - Method return type",
                     "match": "com.ibm.websphere.ejbquery",
                     "lineNumber": 0
                  },
                  {
                     "reference": "Method executePlan - Throws exception",
                     "match": "com.ibm.websphere.ejbquery",
                     "lineNumber": 0
                  },
                  {
                     "reference": "Method executeQuery",
                     "match": "com.ibm.websphere.ejbquery",
                     "lineNumber": 167
                  },
                  {
                     "reference": "Method executeQuery",
                     "match": "com.ibm.websphere.ejbquery",
                     "lineNumber": 171
                  },
                  {
                     "reference": "Method executeQuery",
                     "match": "com.ibm.websphere.ejbquery",
                     "lineNumber": 176
                  },
                  {
                     "reference": "Method executeQuery",
                     "match": "com.ibm.websphere.ejbquery",
                     "lineNumber": 180
                  },
                  {
                     "reference": "Method executeQuery",
                     "match": "com.ibm.websphere.ejbquery",
                     "lineNumber": 184
                  },
                  {
                     "reference": "Method executeQuery",
                     "match": "com.ibm.websphere.ejbquery",
                     "lineNumber": 193
                  },
                  {
                     "reference": "Method executeQuery",
                     "match": "com.ibm.websphere.ejbquery",
                     "lineNumber": 194
                  },
                  {
                     "reference": "Method executeQuery",
                     "match": "com.ibm.websphere.ejbquery",
                     "lineNumber": 270
                  },
                  {
                     "reference": "Method executeQuery",
                     "match": "com.ibm.websphere.ejbquery",
                     "lineNumber": 276
                  },
                  {
                     "reference": "Method executeQuery",
                     "match": "com.ibm.websphere.ejbquery",
                     "lineNumber": 281
                  },
                  {
                     "reference": "Method executeQuery",
                     "match": "com.ibm.websphere.ejbquery",
                     "lineNumber": 282
                  },
                  {
                     "reference": "Method executeQuery",
                     "match": "com.ibm.websphere.ejbquery",
                     "lineNumber": 286
                  },
                  {
                     "reference": "Method executeQuery",
                     "match": "com.ibm.websphere.ejbquery",
                     "lineNumber": 290
                  },
                  {
                     "reference": "Method executeQuery",
                     "match": "com.ibm.websphere.ejbquery",
                     "lineNumber": 293
                  },
                  {
                     "reference": "Method executeQuery",
                     "match": "com.ibm.websphere.ejbquery",
                     "lineNumber": 294
                  },
                  {
                     "reference": "Method executeQuery - Catch exception",
                     "match": "com.ibm.websphere.ejbquery",
                     "lineNumber": 0
                  },
                  {
                     "reference": "Method executeQuery - Method return type",
                     "match": "com.ibm.websphere.ejbquery",
                     "lineNumber": 0
                  },
                  {
                     "reference": "Method executeQuery - Throws exception",
                     "match": "com.ibm.websphere.ejbquery",
                     "lineNumber": 0
                  },
                  {
                     "reference": "Method freeHlpObj - Throws exception",
                     "match": "com.ibm.websphere.ejbquery",
                     "lineNumber": 0
                  },
                  {
                     "reference": "Method getSessionContext",
                     "match": "com.ibm.websphere.ejbquery",
                     "lineNumber": 102
                  },
                  {
                     "reference": "Method prepareQry",
                     "match": "com.ibm.websphere.ejbquery",
                     "lineNumber": 336
                  },
                  {
                     "reference": "Method prepareQry",
                     "match": "com.ibm.websphere.ejbquery",
                     "lineNumber": 352
                  },
                  {
                     "reference": "Method prepareQry - Throws exception",
                     "match": "com.ibm.websphere.ejbquery",
                     "lineNumber": 0
                  },
                  {
                     "reference": "Method prepareQuery",
                     "match": "com.ibm.websphere.ejbquery",
                     "lineNumber": 213
                  },
                  {
                     "reference": "Method prepareQuery",
                     "match": "com.ibm.websphere.ejbquery",
                     "lineNumber": 218
                  },
                  {
                     "reference": "Method prepareQuery",
                     "match": "com.ibm.websphere.ejbquery",
                     "lineNumber": 221
                  },
                  {
                     "reference": "Method prepareQuery",
                     "match": "com.ibm.websphere.ejbquery",
                     "lineNumber": 222
                  },
                  {
                     "reference": "Method prepareQuery - Catch exception",
                     "match": "com.ibm.websphere.ejbquery",
                     "lineNumber": 0
                  },
                  {
                     "reference": "Method prepareQuery - Throws exception",
                     "match": "com.ibm.websphere.ejbquery",
                     "lineNumber": 0
                  },
                  {
                     "reference": "Method setSessionContext",
                     "match": "com.ibm.websphere.ejbquery",
                     "lineNumber": 110
                  }
               ]
            },
            {
               "fileName": "query.ear/querybean.jar/com/ibm/websphere/ejbquery/QueryException.class",
               "details": [
                  {
                     "reference": "Class declaration",
                     "match": "com.ibm.websphere.ejbquery",
                     "lineNumber": 0
                  },
                  {
                     "reference": "Constructor",
                     "match": "com.ibm.websphere.ejbquery",
                     "lineNumber": 40
                  },
                  {
                     "reference": "Constructor",
                     "match": "com.ibm.websphere.ejbquery",
                     "lineNumber": 43
                  },
                  {
                     "reference": "Constructor",
                     "match": "com.ibm.websphere.ejbquery",
                     "lineNumber": 44
                  },
                  {
                     "reference": "Constructor",
                     "match": "com.ibm.websphere.ejbquery",
                     "lineNumber": 63
                  },
                  {
                     "reference": "Constructor",
                     "match": "com.ibm.websphere.ejbquery",
                     "lineNumber": 64
                  },
                  {
                     "reference": "Constructor",
                     "match": "com.ibm.websphere.ejbquery",
                     "lineNumber": 65
                  },
                  {
                     "reference": "Method getClassname",
                     "match": "com.ibm.websphere.ejbquery",
                     "lineNumber": 72
                  },
                  {
                     "reference": "Method getException",
                     "match": "com.ibm.websphere.ejbquery",
                     "lineNumber": 57
                  },
                  {
                     "reference": "Method getMethodname",
                     "match": "com.ibm.websphere.ejbquery",
                     "lineNumber": 79
                  }
               ]
            },
            {
               "fileName": "query.ear/querybean.jar/com/ibm/websphere/ejbquery/QueryHome.class",
               "details": [
                  {
                     "reference": "Class declaration",
                     "match": "com.ibm.websphere.ejbquery",
                     "lineNumber": 0
                  },
                  {
                     "reference": "Method create - Method return type",
                     "match": "com.ibm.websphere.ejbquery",
                     "lineNumber": 0
                  }
               ]
            },
            {
               "fileName": "query.ear/querybean.jar/com/ibm/websphere/ejbquery/QueryIterator.class",
               "details": [
                  {
                     "reference": "Class declaration",
                     "match": "com.ibm.websphere.ejbquery",
                     "lineNumber": 0
                  },
                  {
                     "reference": "Constructor",
                     "match": "com.ibm.websphere.ejbquery",
                     "lineNumber": 38
                  },
                  {
                     "reference": "Constructor",
                     "match": "com.ibm.websphere.ejbquery",
                     "lineNumber": 40
                  },
                  {
                     "reference": "Constructor",
                     "match": "com.ibm.websphere.ejbquery",
                     "lineNumber": 41
                  },
                  {
                     "reference": "Constructor",
                     "match": "com.ibm.websphere.ejbquery",
                     "lineNumber": 76
                  },
                  {
                     "reference": "Constructor",
                     "match": "com.ibm.websphere.ejbquery",
                     "lineNumber": 129
                  },
                  {
                     "reference": "Constructor",
                     "match": "com.ibm.websphere.ejbquery",
                     "lineNumber": 130
                  },
                  {
                     "reference": "Constructor",
                     "match": "com.ibm.websphere.ejbquery",
                     "lineNumber": 131
                  },
                  {
                     "reference": "Method getFieldName",
                     "match": "com.ibm.websphere.ejbquery",
                     "lineNumber": 101
                  },
                  {
                     "reference": "Method getFieldName",
                     "match": "com.ibm.websphere.ejbquery",
                     "lineNumber": 102
                  },
                  {
                     "reference": "Method getFieldsCount",
                     "match": "com.ibm.websphere.ejbquery",
                     "lineNumber": 110
                  },
                  {
                     "reference": "Method getFieldsCount",
                     "match": "com.ibm.websphere.ejbquery",
                     "lineNumber": 111
                  },
                  {
                     "reference": "Method hasNext",
                     "match": "com.ibm.websphere.ejbquery",
                     "lineNumber": 64
                  },
                  {
                     "reference": "Method hasNextR",
                     "match": "com.ibm.websphere.ejbquery",
                     "lineNumber": 136
                  },
                  {
                     "reference": "Method isComplete",
                     "match": "com.ibm.websphere.ejbquery",
                     "lineNumber": 123
                  },
                  {
                     "reference": "Method next",
                     "match": "com.ibm.websphere.ejbquery",
                     "lineNumber": 51
                  },
                  {
                     "reference": "Method next",
                     "match": "com.ibm.websphere.ejbquery",
                     "lineNumber": 52
                  },
                  {
                     "reference": "Method next",
                     "match": "com.ibm.websphere.ejbquery",
                     "lineNumber": 53
                  },
                  {
                     "reference": "Method next",
                     "match": "com.ibm.websphere.ejbquery",
                     "lineNumber": 57
                  },
                  {
                     "reference": "Method nextR",
                     "match": "com.ibm.websphere.ejbquery",
                     "lineNumber": 143
                  }
               ]
            },
            {
               "fileName": "query.ear/querybean.jar/com/ibm/websphere/ejbquery/QueryLocal.class",
               "details": [
                  {
                     "reference": "Class declaration",
                     "match": "com.ibm.websphere.ejbquery",
                     "lineNumber": 0
                  },
                  {
                     "reference": "Method executePlan - Method return type",
                     "match": "com.ibm.websphere.ejbquery",
                     "lineNumber": 0
                  },
                  {
                     "reference": "Method executePlan - Throws exception",
                     "match": "com.ibm.websphere.ejbquery",
                     "lineNumber": 0
                  },
                  {
                     "reference": "Method executeQuery - Method return type",
                     "match": "com.ibm.websphere.ejbquery",
                     "lineNumber": 0
                  },
                  {
                     "reference": "Method executeQuery - Throws exception",
                     "match": "com.ibm.websphere.ejbquery",
                     "lineNumber": 0
                  },
                  {
                     "reference": "Method prepareQuery - Throws exception",
                     "match": "com.ibm.websphere.ejbquery",
                     "lineNumber": 0
                  }
               ]
            },
            {
               "fileName": "query.ear/querybean.jar/com/ibm/websphere/ejbquery/QueryLocalHome.class",
               "details": [
                  {
                     "reference": "Class declaration",
                     "match": "com.ibm.websphere.ejbquery",
                     "lineNumber": 0
                  },
                  {
                     "reference": "Method create - Method return type",
                     "match": "com.ibm.websphere.ejbquery",
                     "lineNumber": 0
                  }
               ]
            },
            {
               "fileName": "query.ear/querybean.jar/com/ibm/websphere/ejbquery/QueryLocalIterator.class",
               "details": [
                  {
                     "reference": "Class declaration",
                     "match": "com.ibm.websphere.ejbquery",
                     "lineNumber": 0
                  },
                  {
                     "reference": "Constructor",
                     "match": "com.ibm.websphere.ejbquery",
                     "lineNumber": 41
                  },
                  {
                     "reference": "Constructor",
                     "match": "com.ibm.websphere.ejbquery",
                     "lineNumber": 42
                  },
                  {
                     "reference": "Constructor",
                     "match": "com.ibm.websphere.ejbquery",
                     "lineNumber": 138
                  },
                  {
                     "reference": "Constructor",
                     "match": "com.ibm.websphere.ejbquery",
                     "lineNumber": 139
                  },
                  {
                     "reference": "Method close",
                     "match": "com.ibm.websphere.ejbquery",
                     "lineNumber": 88
                  },
                  {
                     "reference": "Method close",
                     "match": "com.ibm.websphere.ejbquery",
                     "lineNumber": 89
                  },
                  {
                     "reference": "Method close",
                     "match": "com.ibm.websphere.ejbquery",
                     "lineNumber": 90
                  },
                  {
                     "reference": "Method close - Throws exception",
                     "match": "com.ibm.websphere.ejbquery",
                     "lineNumber": 0
                  },
                  {
                     "reference": "Method getException",
                     "match": "com.ibm.websphere.ejbquery",
                     "lineNumber": 98
                  },
                  {
                     "reference": "Method getFieldName",
                     "match": "com.ibm.websphere.ejbquery",
                     "lineNumber": 118
                  },
                  {
                     "reference": "Method getFieldName",
                     "match": "com.ibm.websphere.ejbquery",
                     "lineNumber": 119
                  },
                  {
                     "reference": "Method getFieldsCount",
                     "match": "com.ibm.websphere.ejbquery",
                     "lineNumber": 127
                  },
                  {
                     "reference": "Method getFieldsCount",
                     "match": "com.ibm.websphere.ejbquery",
                     "lineNumber": 128
                  },
                  {
                     "reference": "Method hasNext",
                     "match": "com.ibm.websphere.ejbquery",
                     "lineNumber": 65
                  },
                  {
                     "reference": "Method hasNextS",
                     "match": "com.ibm.websphere.ejbquery",
                     "lineNumber": 144
                  },
                  {
                     "reference": "Method hasNextS",
                     "match": "com.ibm.websphere.ejbquery",
                     "lineNumber": 146
                  },
                  {
                     "reference": "Method hasNextS",
                     "match": "com.ibm.websphere.ejbquery",
                     "lineNumber": 155
                  },
                  {
                     "reference": "Method hasNextS - Catch exception",
                     "match": "com.ibm.websphere.ejbquery",
                     "lineNumber": 0
                  },
                  {
                     "reference": "Method next",
                     "match": "com.ibm.websphere.ejbquery",
                     "lineNumber": 52
                  },
                  {
                     "reference": "Method next",
                     "match": "com.ibm.websphere.ejbquery",
                     "lineNumber": 53
                  },
                  {
                     "reference": "Method next",
                     "match": "com.ibm.websphere.ejbquery",
                     "lineNumber": 54
                  },
                  {
                     "reference": "Method next",
                     "match": "com.ibm.websphere.ejbquery",
                     "lineNumber": 58
                  },
                  {
                     "reference": "Method nextS",
                     "match": "com.ibm.websphere.ejbquery",
                     "lineNumber": 162
                  },
                  {
                     "reference": "Method nextS",
                     "match": "com.ibm.websphere.ejbquery",
                     "lineNumber": 165
                  },
                  {
                     "reference": "Method nextS",
                     "match": "com.ibm.websphere.ejbquery",
                     "lineNumber": 166
                  },
                  {
                     "reference": "Method nextS - Catch exception",
                     "match": "com.ibm.websphere.ejbquery",
                     "lineNumber": 0
                  },
                  {
                     "reference": "Method remove",
                     "match": "com.ibm.websphere.ejbquery",
                     "lineNumber": 73
                  },
                  {
                     "reference": "Method remove",
                     "match": "com.ibm.websphere.ejbquery",
                     "lineNumber": 75
                  },
                  {
                     "reference": "Method remove",
                     "match": "com.ibm.websphere.ejbquery",
                     "lineNumber": 76
                  },
                  {
                     "reference": "Method remove",
                     "match": "com.ibm.websphere.ejbquery",
                     "lineNumber": 78
                  },
                  {
                     "reference": "Method remove - Catch exception",
                     "match": "com.ibm.websphere.ejbquery",
                     "lineNumber": 0
                  }
               ]
            },
            {
               "fileName": "query.ear/querybean.jar/com/ibm/websphere/ejbquery/_EJSRemoteStatelessQueryHome_13c13935_Tie.class",
               "details": [
                  {
                     "reference": "Class declaration",
                     "match": "com.ibm.websphere.ejbquery",
                     "lineNumber": 0
                  },
                  {
                     "reference": "Constructor",
                     "match": "com.ibm.websphere.ejbquery",
                     "lineNumber": 29
                  },
                  {
                     "reference": "Constructor",
                     "match": "com.ibm.websphere.ejbquery",
                     "lineNumber": 30
                  },
                  {
                     "reference": "Field target",
                     "match": "com.ibm.websphere.ejbquery",
                     "lineNumber": 0
                  },
                  {
                     "reference": "Method _get_EJBMetaData",
                     "match": "com.ibm.websphere.ejbquery",
                     "lineNumber": 144
                  },
                  {
                     "reference": "Method _get_EJBMetaData",
                     "match": "com.ibm.websphere.ejbquery",
                     "lineNumber": 147
                  },
                  {
                     "reference": "Method _get_homeHandle",
                     "match": "com.ibm.websphere.ejbquery",
                     "lineNumber": 152
                  },
                  {
                     "reference": "Method _ids",
                     "match": "com.ibm.websphere.ejbquery",
                     "lineNumber": 76
                  },
                  {
                     "reference": "Method _invoke",
                     "match": "com.ibm.websphere.ejbquery",
                     "lineNumber": 86
                  },
                  {
                     "reference": "Method _invoke",
                     "match": "com.ibm.websphere.ejbquery",
                     "lineNumber": 90
                  },
                  {
                     "reference": "Method _invoke",
                     "match": "com.ibm.websphere.ejbquery",
                     "lineNumber": 94
                  },
                  {
                     "reference": "Method _invoke",
                     "match": "com.ibm.websphere.ejbquery",
                     "lineNumber": 98
                  },
                  {
                     "reference": "Method _invoke",
                     "match": "com.ibm.websphere.ejbquery",
                     "lineNumber": 100
                  },
                  {
                     "reference": "Method _set_delegate",
                     "match": "com.ibm.websphere.ejbquery",
                     "lineNumber": 70
                  },
                  {
                     "reference": "Method _set_delegate",
                     "match": "com.ibm.websphere.ejbquery",
                     "lineNumber": 72
                  },
                  {
                     "reference": "Method create",
                     "match": "com.ibm.websphere.ejbquery",
                     "lineNumber": 161
                  },
                  {
                     "reference": "Method create",
                     "match": "com.ibm.websphere.ejbquery",
                     "lineNumber": 167
                  },
                  {
                     "reference": "Method deactivate",
                     "match": "com.ibm.websphere.ejbquery",
                     "lineNumber": 53
                  },
                  {
                     "reference": "Method deactivate",
                     "match": "com.ibm.websphere.ejbquery",
                     "lineNumber": 54
                  },
                  {
                     "reference": "Method deactivate",
                     "match": "com.ibm.websphere.ejbquery",
                     "lineNumber": 55
                  },
                  {
                     "reference": "Method getTarget",
                     "match": "com.ibm.websphere.ejbquery",
                     "lineNumber": 45
                  },
                  {
                     "reference": "Method remove__java_lang_Object",
                     "match": "com.ibm.websphere.ejbquery",
                     "lineNumber": 130
                  },
                  {
                     "reference": "Method remove__java_lang_Object",
                     "match": "com.ibm.websphere.ejbquery",
                     "lineNumber": 136
                  },
                  {
                     "reference": "Method remove__javax_ejb_Handle",
                     "match": "com.ibm.websphere.ejbquery",
                     "lineNumber": 112
                  },
                  {
                     "reference": "Method remove__javax_ejb_Handle",
                     "match": "com.ibm.websphere.ejbquery",
                     "lineNumber": 114
                  },
                  {
                     "reference": "Method remove__javax_ejb_Handle",
                     "match": "com.ibm.websphere.ejbquery",
                     "lineNumber": 120
                  },
                  {
                     "reference": "Method setTarget",
                     "match": "com.ibm.websphere.ejbquery",
                     "lineNumber": 41
                  },
                  {
                     "reference": "Static initializer",
                     "match": "com.ibm.websphere.ejbquery",
                     "lineNumber": 32
                  }
               ]
            },
            {
               "fileName": "query.ear/querybean.jar/com/ibm/websphere/ejbquery/_EJSRemoteStatelessQuery_13c13935_Tie.class",
               "details": [
                  {
                     "reference": "Class declaration",
                     "match": "com.ibm.websphere.ejbquery",
                     "lineNumber": 0
                  },
                  {
                     "reference": "Constructor",
                     "match": "com.ibm.websphere.ejbquery",
                     "lineNumber": 28
                  },
                  {
                     "reference": "Constructor",
                     "match": "com.ibm.websphere.ejbquery",
                     "lineNumber": 29
                  },
                  {
                     "reference": "Field target",
                     "match": "com.ibm.websphere.ejbquery",
                     "lineNumber": 0
                  },
                  {
                     "reference": "Method _get_EJBHome",
                     "match": "com.ibm.websphere.ejbquery",
                     "lineNumber": 122
                  },
                  {
                     "reference": "Method _get_handle",
                     "match": "com.ibm.websphere.ejbquery",
                     "lineNumber": 151
                  },
                  {
                     "reference": "Method _get_primaryKey",
                     "match": "com.ibm.websphere.ejbquery",
                     "lineNumber": 129
                  },
                  {
                     "reference": "Method _ids",
                     "match": "com.ibm.websphere.ejbquery",
                     "lineNumber": 74
                  },
                  {
                     "reference": "Method _invoke",
                     "match": "com.ibm.websphere.ejbquery",
                     "lineNumber": 84
                  },
                  {
                     "reference": "Method _invoke",
                     "match": "com.ibm.websphere.ejbquery",
                     "lineNumber": 88
                  },
                  {
                     "reference": "Method _invoke",
                     "match": "com.ibm.websphere.ejbquery",
                     "lineNumber": 92
                  },
                  {
                     "reference": "Method _invoke",
                     "match": "com.ibm.websphere.ejbquery",
                     "lineNumber": 96
                  },
                  {
                     "reference": "Method _invoke",
                     "match": "com.ibm.websphere.ejbquery",
                     "lineNumber": 100
                  },
                  {
                     "reference": "Method _invoke",
                     "match": "com.ibm.websphere.ejbquery",
                     "lineNumber": 104
                  },
                  {
                     "reference": "Method _invoke",
                     "match": "com.ibm.websphere.ejbquery",
                     "lineNumber": 108
                  },
                  {
                     "reference": "Method _invoke",
                     "match": "com.ibm.websphere.ejbquery",
                     "lineNumber": 110
                  },
                  {
                     "reference": "Method _set_delegate",
                     "match": "com.ibm.websphere.ejbquery",
                     "lineNumber": 68
                  },
                  {
                     "reference": "Method _set_delegate",
                     "match": "com.ibm.websphere.ejbquery",
                     "lineNumber": 70
                  },
                  {
                     "reference": "Method deactivate",
                     "match": "com.ibm.websphere.ejbquery",
                     "lineNumber": 51
                  },
                  {
                     "reference": "Method deactivate",
                     "match": "com.ibm.websphere.ejbquery",
                     "lineNumber": 52
                  },
                  {
                     "reference": "Method deactivate",
                     "match": "com.ibm.websphere.ejbquery",
                     "lineNumber": 53
                  },
                  {
                     "reference": "Method executePlan",
                     "match": "com.ibm.websphere.ejbquery",
                     "lineNumber": 166
                  },
                  {
                     "reference": "Method executePlan",
                     "match": "com.ibm.websphere.ejbquery",
                     "lineNumber": 167
                  },
                  {
                     "reference": "Method executePlan",
                     "match": "com.ibm.websphere.ejbquery",
                     "lineNumber": 172
                  },
                  {
                     "reference": "Method executePlan",
                     "match": "com.ibm.websphere.ejbquery",
                     "lineNumber": 178
                  },
                  {
                     "reference": "Method executePlan",
                     "match": "com.ibm.websphere.ejbquery",
                     "lineNumber": 183
                  },
                  {
                     "reference": "Method executePlan - Catch exception",
                     "match": "com.ibm.websphere.ejbquery",
                     "lineNumber": 0
                  },
                  {
                     "reference": "Method executeQuery",
                     "match": "com.ibm.websphere.ejbquery",
                     "lineNumber": 188
                  },
                  {
                     "reference": "Method executeQuery",
                     "match": "com.ibm.websphere.ejbquery",
                     "lineNumber": 189
                  },
                  {
                     "reference": "Method executeQuery",
                     "match": "com.ibm.websphere.ejbquery",
                     "lineNumber": 190
                  },
                  {
                     "reference": "Method executeQuery",
                     "match": "com.ibm.websphere.ejbquery",
                     "lineNumber": 195
                  },
                  {
                     "reference": "Method executeQuery",
                     "match": "com.ibm.websphere.ejbquery",
                     "lineNumber": 201
                  },
                  {
                     "reference": "Method executeQuery",
                     "match": "com.ibm.websphere.ejbquery",
                     "lineNumber": 206
                  },
                  {
                     "reference": "Method executeQuery - Catch exception",
                     "match": "com.ibm.websphere.ejbquery",
                     "lineNumber": 0
                  },
                  {
                     "reference": "Method getTarget",
                     "match": "com.ibm.websphere.ejbquery",
                     "lineNumber": 43
                  },
                  {
                     "reference": "Method isIdentical",
                     "match": "com.ibm.websphere.ejbquery",
                     "lineNumber": 158
                  },
                  {
                     "reference": "Method isIdentical",
                     "match": "com.ibm.websphere.ejbquery",
                     "lineNumber": 159
                  },
                  {
                     "reference": "Method prepareQuery",
                     "match": "com.ibm.websphere.ejbquery",
                     "lineNumber": 211
                  },
                  {
                     "reference": "Method prepareQuery",
                     "match": "com.ibm.websphere.ejbquery",
                     "lineNumber": 212
                  },
                  {
                     "reference": "Method prepareQuery",
                     "match": "com.ibm.websphere.ejbquery",
                     "lineNumber": 213
                  },
                  {
                     "reference": "Method prepareQuery",
                     "match": "com.ibm.websphere.ejbquery",
                     "lineNumber": 216
                  },
                  {
                     "reference": "Method prepareQuery",
                     "match": "com.ibm.websphere.ejbquery",
                     "lineNumber": 222
                  },
                  {
                     "reference": "Method prepareQuery",
                     "match": "com.ibm.websphere.ejbquery",
                     "lineNumber": 227
                  },
                  {
                     "reference": "Method prepareQuery - Catch exception",
                     "match": "com.ibm.websphere.ejbquery",
                     "lineNumber": 0
                  },
                  {
                     "reference": "Method remove",
                     "match": "com.ibm.websphere.ejbquery",
                     "lineNumber": 137
                  },
                  {
                     "reference": "Method remove",
                     "match": "com.ibm.websphere.ejbquery",
                     "lineNumber": 143
                  },
                  {
                     "reference": "Method setTarget",
                     "match": "com.ibm.websphere.ejbquery",
                     "lineNumber": 39
                  },
                  {
                     "reference": "Static initializer",
                     "match": "com.ibm.websphere.ejbquery",
                     "lineNumber": 31
                  }
               ]
            },
            {
               "fileName": "query.ear/querybean.jar/com/ibm/websphere/ejbquery/_QueryHome_Stub.class",
               "details": [
                  {
                     "reference": "Class declaration",
                     "match": "com.ibm.websphere.ejbquery",
                     "lineNumber": 0
                  },
                  {
                     "reference": "Class implements",
                     "match": "com.ibm.websphere.ejbquery",
                     "lineNumber": 0
                  },
                  {
                     "reference": "Method _ids",
                     "match": "com.ibm.websphere.ejbquery",
                     "lineNumber": 33
                  },
                  {
                     "reference": "Method create",
                     "match": "com.ibm.websphere.ejbquery",
                     "lineNumber": 216
                  },
                  {
                     "reference": "Method create",
                     "match": "com.ibm.websphere.ejbquery",
                     "lineNumber": 221
                  },
                  {
                     "reference": "Method create",
                     "match": "com.ibm.websphere.ejbquery",
                     "lineNumber": 233
                  },
                  {
                     "reference": "Method create",
                     "match": "com.ibm.websphere.ejbquery",
                     "lineNumber": 238
                  },
                  {
                     "reference": "Method create",
                     "match": "com.ibm.websphere.ejbquery",
                     "lineNumber": 239
                  },
                  {
                     "reference": "Method create - Method return type",
                     "match": "com.ibm.websphere.ejbquery",
                     "lineNumber": 0
                  },
                  {
                     "reference": "Method getEJBMetaData",
                     "match": "com.ibm.websphere.ejbquery",
                     "lineNumber": 138
                  },
                  {
                     "reference": "Method getEJBMetaData",
                     "match": "com.ibm.websphere.ejbquery",
                     "lineNumber": 152
                  },
                  {
                     "reference": "Method getHomeHandle",
                     "match": "com.ibm.websphere.ejbquery",
                     "lineNumber": 177
                  },
                  {
                     "reference": "Method getHomeHandle",
                     "match": "com.ibm.websphere.ejbquery",
                     "lineNumber": 191
                  },
                  {
                     "reference": "Method remove",
                     "match": "com.ibm.websphere.ejbquery",
                     "lineNumber": 50
                  },
                  {
                     "reference": "Method remove",
                     "match": "com.ibm.websphere.ejbquery",
                     "lineNumber": 62
                  },
                  {
                     "reference": "Method remove",
                     "match": "com.ibm.websphere.ejbquery",
                     "lineNumber": 97
                  },
                  {
                     "reference": "Method remove",
                     "match": "com.ibm.websphere.ejbquery",
                     "lineNumber": 109
                  },
                  {
                     "reference": "Static initializer",
                     "match": "com.ibm.websphere.ejbquery",
                     "lineNumber": 27
                  }
               ]
            },
            {
               "fileName": "query.ear/querybean.jar/com/ibm/websphere/ejbquery/_Query_Stub.class",
               "details": [
                  {
                     "reference": "Class declaration",
                     "match": "com.ibm.websphere.ejbquery",
                     "lineNumber": 0
                  },
                  {
                     "reference": "Class implements",
                     "match": "com.ibm.websphere.ejbquery",
                     "lineNumber": 0
                  },
                  {
                     "reference": "Method _ids",
                     "match": "com.ibm.websphere.ejbquery",
                     "lineNumber": 34
                  },
                  {
                     "reference": "Method executePlan",
                     "match": "com.ibm.websphere.ejbquery",
                     "lineNumber": 248
                  },
                  {
                     "reference": "Method executePlan",
                     "match": "com.ibm.websphere.ejbquery",
                     "lineNumber": 249
                  },
                  {
                     "reference": "Method executePlan",
                     "match": "com.ibm.websphere.ejbquery",
                     "lineNumber": 253
                  },
                  {
                     "reference": "Method executePlan",
                     "match": "com.ibm.websphere.ejbquery",
                     "lineNumber": 258
                  },
                  {
                     "reference": "Method executePlan",
                     "match": "com.ibm.websphere.ejbquery",
                     "lineNumber": 270
                  },
                  {
                     "reference": "Method executePlan",
                     "match": "com.ibm.websphere.ejbquery",
                     "lineNumber": 278
                  },
                  {
                     "reference": "Method executePlan",
                     "match": "com.ibm.websphere.ejbquery",
                     "lineNumber": 279
                  },
                  {
                     "reference": "Method executePlan",
                     "match": "com.ibm.websphere.ejbquery",
                     "lineNumber": 282
                  },
                  {
                     "reference": "Method executePlan",
                     "match": "com.ibm.websphere.ejbquery",
                     "lineNumber": 283
                  },
                  {
                     "reference": "Method executePlan - Method return type",
                     "match": "com.ibm.websphere.ejbquery",
                     "lineNumber": 0
                  },
                  {
                     "reference": "Method executePlan - Throws exception",
                     "match": "com.ibm.websphere.ejbquery",
                     "lineNumber": 0
                  },
                  {
                     "reference": "Method executeQuery",
                     "match": "com.ibm.websphere.ejbquery",
                     "lineNumber": 302
                  },
                  {
                     "reference": "Method executeQuery",
                     "match": "com.ibm.websphere.ejbquery",
                     "lineNumber": 303
                  },
                  {
                     "reference": "Method executeQuery",
                     "match": "com.ibm.websphere.ejbquery",
                     "lineNumber": 304
                  },
                  {
                     "reference": "Method executeQuery",
                     "match": "com.ibm.websphere.ejbquery",
                     "lineNumber": 308
                  },
                  {
                     "reference": "Method executeQuery",
                     "match": "com.ibm.websphere.ejbquery",
                     "lineNumber": 313
                  },
                  {
                     "reference": "Method executeQuery",
                     "match": "com.ibm.websphere.ejbquery",
                     "lineNumber": 325
                  },
                  {
                     "reference": "Method executeQuery",
                     "match": "com.ibm.websphere.ejbquery",
                     "lineNumber": 334
                  },
                  {
                     "reference": "Method executeQuery",
                     "match": "com.ibm.websphere.ejbquery",
                     "lineNumber": 335
                  },
                  {
                     "reference": "Method executeQuery",
                     "match": "com.ibm.websphere.ejbquery",
                     "lineNumber": 338
                  },
                  {
                     "reference": "Method executeQuery",
                     "match": "com.ibm.websphere.ejbquery",
                     "lineNumber": 339
                  },
                  {
                     "reference": "Method executeQuery - Method return type",
                     "match": "com.ibm.websphere.ejbquery",
                     "lineNumber": 0
                  },
                  {
                     "reference": "Method executeQuery - Throws exception",
                     "match": "com.ibm.websphere.ejbquery",
                     "lineNumber": 0
                  },
                  {
                     "reference": "Method getEJBHome",
                     "match": "com.ibm.websphere.ejbquery",
                     "lineNumber": 45
                  },
                  {
                     "reference": "Method getEJBHome",
                     "match": "com.ibm.websphere.ejbquery",
                     "lineNumber": 59
                  },
                  {
                     "reference": "Method getHandle",
                     "match": "com.ibm.websphere.ejbquery",
                     "lineNumber": 168
                  },
                  {
                     "reference": "Method getHandle",
                     "match": "com.ibm.websphere.ejbquery",
                     "lineNumber": 182
                  },
                  {
                     "reference": "Method getPrimaryKey",
                     "match": "com.ibm.websphere.ejbquery",
                     "lineNumber": 98
                  },
                  {
                     "reference": "Method isIdentical",
                     "match": "com.ibm.websphere.ejbquery",
                     "lineNumber": 222
                  },
                  {
                     "reference": "Method prepareQuery",
                     "match": "com.ibm.websphere.ejbquery",
                     "lineNumber": 358
                  },
                  {
                     "reference": "Method prepareQuery",
                     "match": "com.ibm.websphere.ejbquery",
                     "lineNumber": 359
                  },
                  {
                     "reference": "Method prepareQuery",
                     "match": "com.ibm.websphere.ejbquery",
                     "lineNumber": 360
                  },
                  {
                     "reference": "Method prepareQuery",
                     "match": "com.ibm.websphere.ejbquery",
                     "lineNumber": 362
                  },
                  {
                     "reference": "Method prepareQuery",
                     "match": "com.ibm.websphere.ejbquery",
                     "lineNumber": 367
                  },
                  {
                     "reference": "Method prepareQuery",
                     "match": "com.ibm.websphere.ejbquery",
                     "lineNumber": 379
                  },
                  {
                     "reference": "Method prepareQuery",
                     "match": "com.ibm.websphere.ejbquery",
                     "lineNumber": 388
                  },
                  {
                     "reference": "Method prepareQuery",
                     "match": "com.ibm.websphere.ejbquery",
                     "lineNumber": 391
                  },
                  {
                     "reference": "Method prepareQuery",
                     "match": "com.ibm.websphere.ejbquery",
                     "lineNumber": 392
                  },
                  {
                     "reference": "Method prepareQuery - Throws exception",
                     "match": "com.ibm.websphere.ejbquery",
                     "lineNumber": 0
                  },
                  {
                     "reference": "Method remove",
                     "match": "com.ibm.websphere.ejbquery",
                     "lineNumber": 128
                  },
                  {
                     "reference": "Method remove",
                     "match": "com.ibm.websphere.ejbquery",
                     "lineNumber": 140
                  },
                  {
                     "reference": "Static initializer",
                     "match": "com.ibm.websphere.ejbquery",
                     "lineNumber": 28
                  }
               ]
            }
         ],
         "referencedClasses": [
            {
               "class": "com.ibm.websphere.ejbquery.EJSLocalStatelessQueryHome_13c13935",
               "total": 11
            },
            {
               "class": "com.ibm.websphere.ejbquery.EJSLocalStatelessQuery_13c13935",
               "total": 16
            },
            {
               "class": "com.ibm.websphere.ejbquery.EJSRemoteStatelessQueryHome_13c13935",
               "total": 41
            },
            {
               "class": "com.ibm.websphere.ejbquery.EJSRemoteStatelessQuery_13c13935",
               "total": 32
            },
            {
               "class": "com.ibm.websphere.ejbquery.EJSStatelessQueryHomeBean_13c13935",
               "total": 15
            },
            {
               "class": "com.ibm.websphere.ejbquery.IQueryTuple",
               "total": 3
            },
            {
               "class": "com.ibm.websphere.ejbquery.Query",
               "total": 19
            },
            {
               "class": "com.ibm.websphere.ejbquery.QueryBean",
               "total": 41
            },
            {
               "class": "com.ibm.websphere.ejbquery.QueryException",
               "total": 87
            },
            {
               "class": "com.ibm.websphere.ejbquery.QueryHome",
               "total": 5
            },
            {
               "class": "com.ibm.websphere.ejbquery.QueryIterator",
               "total": 48
            },
            {
               "class": "com.ibm.websphere.ejbquery.QueryLocal",
               "total": 7
            },
            {
               "class": "com.ibm.websphere.ejbquery.QueryLocalHome",
               "total": 2
            },
            {
               "class": "com.ibm.websphere.ejbquery.QueryLocalIterator",
               "total": 38
            },
            {
               "class": "com.ibm.websphere.ejbquery._EJSRemoteStatelessQueryHome_13c13935_Tie",
               "total": 42
            },
            {
               "class": "com.ibm.websphere.ejbquery._EJSRemoteStatelessQuery_13c13935_Tie",
               "total": 92
            },
            {
               "class": "com.ibm.websphere.ejbquery._QueryHome_Stub",
               "total": 47
            },
            {
               "class": "com.ibm.websphere.ejbquery._Query_Stub",
               "total": 106
            }
         ]
      },
      {
         "ruleName": "The WebSphere Enterprise JavaBeans APIs and SPIs are unavailable",
         "ruleId": "WebSphereUnavailableAPIsEnterpriseJavaBeans",
         "ruleHelpLocation": "/ruleinfo/appconversion/was2liberty/WebSphereUnavailableAPIsEnterpriseJavaBeans.html",
         "devCost": "1",
         "instanceCost": "0.1",
         "severity": "Critical",
         "severityId": "severe",
         "category": "WebSphere traditional to Liberty",
         "categoryId": "appconversion.was2liberty.category",
         "totalResults": 3,
         "results": [
            {
               "fileName": "query.ear/querybean.jar/com/ibm/ejs/container/_EJSWrapper_Stub.class",
               "details": [
                  {
                     "reference": "Class implements",
                     "match": "com.ibm.websphere.csi",
                     "lineNumber": 0
                  }
               ]
            },
            {
               "fileName": "query.ear/querybean.jar/com/ibm/websphere/csi/_CSIServant_Stub.class",
               "details": [
                  {
                     "reference": "Class declaration",
                     "match": "com.ibm.websphere.csi",
                     "lineNumber": 0
                  }
               ]
            },
            {
               "fileName": "query.ear/querybean.jar/com/ibm/websphere/csi/_TransactionalObject_Stub.class",
               "details": [
                  {
                     "reference": "Class declaration",
                     "match": "com.ibm.websphere.csi",
                     "lineNumber": 0
                  }
               ]
            }
         ],
         "referencedClasses": [
            {
               "class": "com.ibm.websphere.csi.CSIServant",
               "total": 6
            },
            {
               "class": "com.ibm.websphere.csi.TransactionalObject",
               "total": 2
            },
            {
               "class": "com.ibm.websphere.csi._CSIServant_Stub",
               "total": 7
            },
            {
               "class": "com.ibm.websphere.csi._TransactionalObject_Stub",
               "total": 3
            }
         ]
      },
      {
         "ruleName": "Transaction propagation is not supported for Enterprise JavaBeans (EJB) remote interfaces",
         "ruleId": "DetectTransactionPropagationEJBRemote",
         "ruleHelpLocation": "/help/java/DetectTransactionPropagationEJBRemote.html",
         "devCost": "1",
         "instanceCost": "0.1",
         "severity": "Critical",
         "severityId": "severe",
         "category": "Java Technology Support for Liberty",
         "categoryId": "com.ibm.rrd.liberty.rules.liberty.profile.technology.ruleset",
         "totalResults": 1,
         "results": [
            {
               "fileName": "query.ear/querybean.jar/META-INF/ejb-jar.xml",
               "details": [
                  {
                     "reference": null,
                     "match": "remote",
                     "lineNumber": 8
                  }
               ]
            }
         ]
      },
      {
         "ruleName": "User-defined EJB binding locations were previously ignored in Liberty",
         "ruleId": "DetectEJBJNDIbindingName",
         "ruleHelpLocation": "/ruleinfo/appconversion/was2liberty/DetectEJBJNDIbindingName.html",
         "devCost": "0",
         "instanceCost": "0",
         "severity": "Information",
         "severityId": "info",
         "category": "WebSphere traditional to Liberty",
         "categoryId": "appconversion.was2liberty.category",
         "totalResults": 1,
         "results": [
            {
               "fileName": "query.ear/querybean.jar/META-INF/ibm-ejb-jar-bnd.xmi",
               "details": [
                  {
                     "reference": null,
                     "match": "ejbBindings.jndiName=com/ibm/websphere/ejbquery/Query",
                     "lineNumber": 9
                  }
               ]
            }
         ]
      }
   ]
}